file name:,,1us0_new.pdb,,,
ID,Status,difference,Start_res,End_res,
1,longer,1,GLN  26 (VAL  27),VAL  37 (VAL  37),
2,identical,0,GLU  51,GLU  64,
3,longer,2,LEU  87 (VAL  88),LYS 100 (LEU  99),
4,longer,1,ILE 137 (ILE 137),GLU 150 (ASP 149),
5,longer,1,ASN 162 (HIS 163),ASN 171 (ASN 171),
6,longer,2,GLN 192 (GLU 193),LYS 202 (SER 201),
7,longer,2,ASP 230 (PRO 231),ASN 241 (HIS 240),
8,longer,5,THR 243 (THR 244),PRO 252 (LEU 248),
9,longer,2,THR 265 (PRO 266),LYS 274 (PHE 273),
10,shorter,-1,GLN 283 (SER 282),SER 290 (SER 290),
None,more,5,ILE 249,MET 253,
file name:,,2vb1_new.pdb,,,
ID,Status,difference,Start_res,End_res,
1,shorter,-1,ARG   5 (ARG   5),ARG  14 (HIS  15),
2,shorter,-1,GLY  26 (LEU  25),GLU  35 (GLU  35),
3,identical,0,THR  89,SER 100,
file name:,,2wfi_new.pdb,,,
ID,Status,difference,Start_res,End_res,
1,longer,2,CYS  33 (PRO  34),GLY  46 (THR  45),
2,longer,1,GLY 147 (GLN 148),ASN 156 (ASN 156),
file name:,,4rek_new.pdb,,,
ID,Status,difference,Start_res,End_res,
1,longer,2,TYR  20 (GLY  19),GLY  33 (GLY  30),
2,longer,2,LYS 127 (LYS 127),LEU 135 (GLU 133),
3,longer,2,ASP 139 (SER 140),ASP 145 (TYR 144),
4,longer,1,ARG 146 (ARG 146),LEU 155 (MET 154),
5,longer,2,ASP 161 (THR 162),THR 168 (ASP 167),
6,longer,1,TYR 171 (LYS 172),LYS 183 (LYS 183),
7,longer,1,ASP 196 (PHE 197),ALA 205 (ALA 205),
8,longer,2,THR 231 (THR 231),THR 239 (LEU 237),
9,same,0,LEU 292 (GLY 290),THR 304 (ARG 302),
10,longer,2,ASN 406 (ALA 407),ASN 424 (ALA 423),
11,same,0,PRO 486 (PHE 487),LYS 503 (GLN 504),
file name:,,5dj7_new.pdb,,,
ID,Status,difference,Start_res,End_res,
1,longer,2,SER 146 (ASP 147),TYR 154 (ALA 153),
2,same,0,TYR 214 (TYR 215),ILE 222 (ASN 223),
file name:,,5gv8_new.pdb,,,
ID,Status,difference,Start_res,End_res,
1,shoter,-1,LYS1097 (LYS1097),GLU1103 (SER1104),
2,shorter,-1,THR1156 (ILE1155),LYS1167 (LYS1167),
3,shorter,-1,PRO1191 (ARG1190),GLU1199 (GLU1199),
4,longer,1,ASN1225 (GLU1226),ASP1231 (ASP1231),
5,longer,2,PRO1247 (PRO1247),ALA1254 (GLN1252),
6,longer,1,CYS1255 (CYS1255),ARG1261 (GLU1260),
file name:,,5l87_new.pdb,,,
ID,Status,difference,Start_res,End_res,
1,longer,2,GLU   6 (SER   5),ASP  20 (PHE  17),
2,longer,1,THR  28 (PRO  27),LYS  38 (LYS  36),
3,longer,1,ALA  42 (SER  41),VAL  52 (THR  50),
4,shorter,-2,LEU  58 (THR  57),LEU  65 (SER  66),
file name:,,5r4h_new.pdb,,,
ID,Status,difference,Start_res,End_res,
1,identical,0,GLU2804,ALA2819,
2,longer,1,ASP2847 (LEU2848),ARG2857 (ARG2857),
3,shorter,-1,LEU2863 (LYS2862),ARG2878 (ARG2878),
4,longer,1,PRO2886 (PRO2886),SER2910 (ARG2909),
file name:,,5yce_new.pdb,,,
ID,Status,difference,Start_res,End_res,
1,same,0,SER   3 (GLU   4),VAL  17 (GLU  18),
2,shorter,-1,ALA  22 (ASP  20),HIS  36 (SER  35),
3,identical,0,GLU  52,ALA  57,
4,shoter,-3,GLU  59 (GLU  59),ALA  74 (LYS  77),
5,shorter,-2,PRO  88 (LEU  86),ALA  94 (ALA  94),
6,shorter,-1,TYR 103 (ILE 101),HIS 119 (ARG 118),
7,shorter,-1,ASP 126 (ALA 125),LEU 149 (LEU 149),
